cmd_ts,vel_left,vel_right
1774571834.747824,0.0,0.0
1774571834.778377,0.0,0.0
1774571834.8126962,0.0,0.0
1774571834.8474379,0.0,0.0
1774571834.8787136,0.0,0.0
1774571834.9123833,0.0,0.0
1774571834.9475787,0.0,0.0
1774571834.9817178,0.0,0.0
1774571835.01415,0.0,0.0
1774571835.0466647,0.0,0.0
1774571835.0804567,0.0,0.0
1774571835.1155043,0.0,0.0
1774571835.156026,0.0,0.0
1774571836.1239648,0.0,0.0
1774571836.1579466,0.0,0.0
1774571836.1907084,0.0,0.0
1774571836.2241862,0.0,0.0
1774571836.26083,0.0,0.0
1774571836.2929971,0.0,0.0
1774571836.3258972,0.0,0.0
1774571836.359864,0.0,0.0
1774571836.3935204,0.0,0.0
1774571836.4276173,0.0,0.0
1774571836.4606636,0.0,0.0
1774571836.4946911,0.0,0.0
1774571836.5280535,0.0,0.0
1774571836.562781,0.0,0.0
1774571836.5965989,0.0,0.0
1774571836.6305006,0.0,0.0
1774571836.6657853,0.0,0.0
1774571836.6981628,0.0,0.0
1774571836.7313118,0.0,0.0
1774571836.7659595,0.0,0.0
1774571836.798993,0.0,0.0
1774571836.8334436,0.24568484723567963,0.22228628396987915
1774571836.8662057,0.24568484723567963,0.22228628396987915
1774571836.9009802,0.24568484723567963,0.22228628396987915
1774571836.9341583,0.24568484723567963,0.22228628396987915
1774571836.9677136,0.24568484723567963,0.22228628396987915
1774571837.0016155,0.24568484723567963,0.22228628396987915
1774571837.0355196,0.24568484723567963,0.22228628396987915
1774571837.0703251,0.24568484723567963,0.22228628396987915
1774571837.184676,0.24568484723567963,0.22228628396987915
1774571837.207467,0.24568484723567963,0.22228628396987915
1774571837.2408829,0.24568484723567963,0.22228628396987915
1774571837.2784956,0.24568484723567963,0.22228628396987915
1774571837.3115797,0.24568484723567963,0.22228628396987915
1774571837.345243,0.24568484723567963,0.22228628396987915
1774571837.3780904,0.4943658411502838,-0.0027107996866106987
1774571837.410736,0.4943658411502838,-0.0027107996866106987
1774571837.4451714,0.4943658411502838,-0.0027107996866106987
1774571837.4764342,0.24568484723567963,0.22228628396987915
1774571837.5109978,0.24568484723567963,0.22228628396987915
1774571837.543009,0.24568484723567963,0.22228628396987915
1774571837.577732,0.24568484723567963,0.22228628396987915
1774571837.6115534,0.24568484723567963,0.22228628396987915
1774571837.6454554,0.24568484723567963,0.22228628396987915
1774571837.6771336,0.24568484723567963,0.22228628396987915
1774571837.7112556,0.24568484723567963,0.22228628396987915
1774571837.7449214,0.24568484723567963,0.22228628396987915
1774571837.7782044,0.24568484723567963,0.22228628396987915
1774571837.8133266,0.24568484723567963,0.22228628396987915
1774571837.848256,0.24568484723567963,0.22228628396987915
1774571837.8813577,0.24568484723567963,0.22228628396987915
1774571837.915884,0.24568484723567963,0.22228628396987915
1774571837.949708,0.24568484723567963,0.22228628396987915
1774571837.9843154,0.24568484723567963,0.22228628396987915
1774571838.0156772,0.24568484723567963,0.22228628396987915
1774571838.0502608,0.24568484723567963,0.22228628396987915
1774571838.0856228,0.24568484723567963,0.22228628396987915
1774571838.121056,-0.002996147144585848,0.4472833573818207
1774571838.1521685,-0.002996147144585848,0.4472833573818207
1774571838.1851714,0.24568484723567963,0.22228628396987915
1774571838.2197225,0.24568484723567963,0.22228628396987915
1774571838.2527661,0.24568484723567963,0.22228628396987915
1774571838.2864559,0.24568484723567963,0.22228628396987915
1774571838.3213499,0.24568484723567963,0.22228628396987915
1774571838.3601882,0.24568484723567963,0.22228628396987915
1774571838.391608,0.24568484723567963,0.22228628396987915
1774571838.4214635,0.24568484723567963,0.22228628396987915
1774571838.455852,0.24568484723567963,0.22228628396987915
1774571838.4908562,0.24568484723567963,0.22228628396987915
1774571838.5235882,0.4943658411502838,-0.0027107996866106987
1774571838.5574472,0.4943658411502838,-0.0027107996866106987
1774571838.5905492,0.24568484723567963,0.22228628396987915
1774571838.7009983,0.24568484723567963,0.22228628396987915
1774571838.72535,0.24568484723567963,0.22228628396987915
1774571838.760819,0.24568484723567963,0.22228628396987915
1774571838.793658,0.24568484723567963,0.22228628396987915
1774571838.8284023,0.24568484723567963,0.22228628396987915
1774571838.8620877,0.24568484723567963,0.22228628396987915
1774571838.8943994,0.24568484723567963,0.22228628396987915
1774571838.9287038,0.24568484723567963,0.22228628396987915
1774571838.962323,0.24568484723567963,0.22228628396987915
1774571838.9972806,0.24568484723567963,0.22228628396987915
1774571839.030236,0.24568484723567963,0.22228628396987915
1774571839.0646186,0.24568484723567963,0.22228628396987915
1774571839.0986814,0.24568484723567963,0.22228628396987915
1774571839.1316922,0.24568484723567963,0.22228628396987915
1774571839.1653905,-0.002996147144585848,0.4472833573818207
1774571839.1994061,0.24568484723567963,0.22228628396987915
1774571839.233183,0.24568484723567963,0.22228628396987915
1774571839.2661943,0.24568484723567963,0.22228628396987915
1774571839.3002725,0.24568484723567963,0.22228628396987915
1774571839.3347762,0.24568484723567963,0.22228628396987915
1774571839.3700325,0.24568484723567963,0.22228628396987915
1774571839.40293,0.24568484723567963,0.22228628396987915
1774571839.4359667,0.24568484723567963,0.22228628396987915
1774571839.4694343,0.24568484723567963,0.22228628396987915
1774571839.5064163,0.24568484723567963,0.22228628396987915
1774571839.5399725,0.24568484723567963,0.22228628396987915
1774571839.575858,0.24568484723567963,0.22228628396987915
1774571839.6121657,0.24568484723567963,0.22228628396987915
1774571839.6508777,0.24568484723567963,0.22228628396987915
1774571839.6793044,0.24568484723567963,0.22228628396987915
1774571839.7118971,0.24568484723567963,0.22228628396987915
1774571839.744653,0.24568484723567963,0.22228628396987915
1774571839.7775285,0.24568484723567963,0.22228628396987915
1774571839.8158867,0.24568484723567963,0.22228628396987915
1774571839.8462203,0.24568484723567963,0.22228628396987915
1774571839.8769438,0.24568484723567963,0.22228628396987915
1774571839.9116306,0.24568484723567963,0.22228628396987915
1774571839.9424765,0.24568484723567963,0.22228628396987915
1774571839.9794765,0.24568484723567963,0.22228628396987915
1774571840.0115478,0.24568484723567963,0.22228628396987915
1774571840.0464468,0.24568484723567963,0.22228628396987915
1774571840.0769958,0.24568484723567963,0.22228628396987915
1774571840.1117985,0.24568484723567963,0.22228628396987915
1774571840.1458015,0.24568484723567963,0.22228628396987915
1774571840.1786304,0.24568484723567963,0.22228628396987915
1774571840.2131202,0.24568484723567963,0.22228628396987915
1774571840.305665,0.24568484723567963,0.22228628396987915
1774571840.4167616,0.24568484723567963,0.22228628396987915
1774571840.4417017,0.24568484723567963,0.22228628396987915
1774571840.4791644,0.24568484723567963,0.22228628396987915
1774571840.5117528,0.24568484723567963,0.22228628396987915
1774571840.5429497,0.24568484723567963,0.22228628396987915
1774571840.5763216,-0.002996147144585848,0.4472833573818207
1774571840.6098487,0.24568484723567963,0.22228628396987915
1774571840.642812,0.24568484723567963,0.22228628396987915
1774571840.6781757,0.24568484723567963,0.22228628396987915
1774571840.7092674,0.24568484723567963,0.22228628396987915
1774571840.7439475,0.24568484723567963,0.22228628396987915
1774571840.7767608,0.24568484723567963,0.22228628396987915
1774571840.8097792,0.24568484723567963,0.22228628396987915
1774571840.8439157,0.24568484723567963,0.22228628396987915
1774571840.8791208,0.24568484723567963,0.22228628396987915
1774571840.9109864,0.24568484723567963,0.22228628396987915
1774571840.944683,0.24568484723567963,0.22228628396987915
1774571840.9789438,0.24568484723567963,0.22228628396987915
1774571841.01262,0.24568484723567963,0.22228628396987915
1774571841.0467453,0.24568484723567963,0.22228628396987915
1774571841.080393,0.24568484723567963,0.22228628396987915
1774571841.114169,0.24568484723567963,0.22228628396987915
1774571841.150128,0.24568484723567963,0.22228628396987915
1774571841.190829,0.24568484723567963,0.22228628396987915
1774571841.2160566,0.24568484723567963,0.22228628396987915
1774571841.2500887,0.24568484723567963,0.22228628396987915
1774571841.2831416,0.24568484723567963,0.22228628396987915
1774571841.318065,0.24568484723567963,0.22228628396987915
1774571841.3515444,0.24568484723567963,0.22228628396987915
1774571841.3856466,0.24568484723567963,0.22228628396987915
1774571841.4185472,0.24568484723567963,0.22228628396987915
1774571841.452393,0.24568484723567963,0.22228628396987915
1774571841.485389,0.24568484723567963,0.22228628396987915
1774571841.520313,0.24568484723567963,0.22228628396987915
1774571841.554117,0.24568484723567963,0.22228628396987915
1774571841.590461,0.24568484723567963,0.22228628396987915
1774571841.6215053,0.24568484723567963,0.22228628396987915
1774571841.6556904,0.24568484723567963,0.22228628396987915
1774571841.6886575,0.24568484723567963,0.22228628396987915
1774571841.7226956,0.24568484723567963,0.22228628396987915
1774571841.756858,0.24568484723567963,0.22228628396987915
1774571841.7904696,0.24568484723567963,0.22228628396987915
1774571841.8244267,0.24568484723567963,0.22228628396987915
1774571841.8582268,0.24568484723567963,0.22228628396987915
1774571841.8921578,0.4943658411502838,-0.0027107996866106987
1774571841.925824,0.4943658411502838,-0.0027107996866106987
1774571841.96073,0.24568484723567963,0.22228628396987915
1774571841.993384,0.24568484723567963,0.22228628396987915
1774571842.0262148,0.24568484723567963,0.22228628396987915
1774571842.0601332,0.24568484723567963,0.22228628396987915
1774571842.0943131,0.24568484723567963,0.22228628396987915
1774571842.1279893,0.24568484723567963,0.22228628396987915
1774571842.1629694,0.24568484723567963,0.22228628396987915
1774571842.1964607,0.24568484723567963,0.22228628396987915
1774571842.229859,0.24568484723567963,0.22228628396987915
1774571842.2655542,0.24568484723567963,0.22228628396987915
1774571842.2969193,0.24568484723567963,0.22228628396987915
1774571842.3323183,0.24568484723567963,0.22228628396987915
1774571842.3657234,0.24568484723567963,0.22228628396987915
1774571842.3987594,0.24568484723567963,0.22228628396987915
1774571842.4322906,0.24568484723567963,0.22228628396987915
1774571842.4674158,-0.002996147144585848,0.4472833573818207
1774571842.500038,-0.002996147144585848,0.4472833573818207
1774571842.5333502,0.24568484723567963,0.22228628396987915
1774571842.5672498,0.24568484723567963,0.22228628396987915
1774571842.601288,0.24568484723567963,0.22228628396987915
1774571842.6356497,0.24568484723567963,0.22228628396987915
1774571842.6685824,0.24568484723567963,0.22228628396987915
1774571842.7811282,0.24568484723567963,0.22228628396987915
1774571842.809891,0.24568484723567963,0.22228628396987915
1774571842.8467548,0.24568484723567963,0.22228628396987915
1774571842.878402,0.24568484723567963,0.22228628396987915
1774571842.9126587,0.24568484723567963,0.22228628396987915
1774571842.9412613,0.24568484723567963,0.22228628396987915
1774571842.9755864,0.24568484723567963,0.22228628396987915
1774571843.0086412,0.24568484723567963,0.22228628396987915
1774571843.0425231,0.24568484723567963,0.22228628396987915
1774571843.076754,0.24568484723567963,0.22228628396987915
1774571843.10904,0.24568484723567963,0.22228628396987915
1774571843.1427872,0.24568484723567963,0.22228628396987915
1774571843.1750827,0.24568484723567963,0.22228628396987915
1774571843.2090156,0.24568484723567963,0.22228628396987915
1774571843.2442343,0.24568484723567963,0.22228628396987915
1774571843.276059,0.24568484723567963,0.22228628396987915
1774571843.3100936,-0.002996147144585848,0.4472833573818207
1774571843.3436477,-0.002996147144585848,0.4472833573818207
1774571843.3789039,0.24568484723567963,0.22228628396987915
1774571843.4121852,0.24568484723567963,0.22228628396987915
1774571843.4462647,0.24568484723567963,0.22228628396987915
1774571843.4796302,0.24568484723567963,0.22228628396987915
1774571843.5134475,0.24568484723567963,0.22228628396987915
1774571843.5469573,0.24568484723567963,0.22228628396987915
1774571843.5809655,0.24568484723567963,0.22228628396987915
1774571843.6152842,0.24568484723567963,0.22228628396987915
1774571843.6496017,0.24568484723567963,0.22228628396987915
1774571843.6830497,0.24568484723567963,0.22228628396987915
1774571843.7162895,0.24568484723567963,0.22228628396987915
1774571843.7521777,0.24568484723567963,0.22228628396987915
1774571843.7839656,-0.002996147144585848,0.4472833573818207
1774571843.8173184,-0.002996147144585848,0.4472833573818207
1774571843.8512845,-0.002996147144585848,0.4472833573818207
1774571843.884515,0.24568484723567963,0.22228628396987915
1774571843.9181647,0.24568484723567963,0.22228628396987915
1774571843.9536338,0.24568484723567963,0.22228628396987915
1774571843.9859555,0.24568484723567963,0.22228628396987915
1774571844.019494,0.24568484723567963,0.22228628396987915
1774571844.0541782,0.24568484723567963,0.22228628396987915
1774571844.0879068,0.24568484723567963,0.22228628396987915
1774571844.1213946,-0.002996147144585848,0.4472833573818207
1774571844.1549895,-0.002996147144585848,0.4472833573818207
1774571844.1892273,-0.002996147144585848,0.4472833573818207
1774571844.2223835,0.24568484723567963,0.22228628396987915
1774571844.2563658,0.24568484723567963,0.22228628396987915
1774571844.2898731,0.24568484723567963,0.22228628396987915
1774571844.3235867,0.24568484723567963,0.22228628396987915
1774571844.3571713,-0.002996147144585848,0.4472833573818207
1774571844.3917017,-0.002996147144585848,0.4472833573818207
1774571844.425023,0.24568484723567963,0.22228628396987915
1774571844.4585216,0.24568484723567963,0.22228628396987915
1774571844.4943438,0.24568484723567963,0.22228628396987915
1774571844.5301986,0.24568484723567963,0.22228628396987915
1774571844.5602934,0.24568484723567963,0.22228628396987915
1774571844.5939057,0.24568484723567963,0.22228628396987915
1774571844.628798,0.24568484723567963,0.22228628396987915
1774571844.661869,0.24568484723567963,0.22228628396987915
1774571844.696661,0.24568484723567963,0.22228628396987915
1774571844.729531,0.24568484723567963,0.22228628396987915
1774571844.764118,0.24568484723567963,0.22228628396987915
1774571844.7978559,0.24568484723567963,0.22228628396987915
1774571844.8320522,0.24568484723567963,0.22228628396987915
1774571844.868051,0.24568484723567963,0.22228628396987915
1774571844.8996336,0.24568484723567963,0.22228628396987915
1774571844.9326344,-0.002996147144585848,0.4472833573818207
1774571844.967766,-0.002996147144585848,0.4472833573818207
1774571845.0002177,0.24568484723567963,0.22228628396987915
1774571845.0335178,0.24568484723567963,0.22228628396987915
1774571845.0673733,0.24568484723567963,0.22228628396987915
1774571845.1020923,0.24568484723567963,0.22228628396987915
1774571845.1355088,0.24568484723567963,0.22228628396987915
1774571845.2494533,0.24568484723567963,0.22228628396987915
1774571845.279554,0.24568484723567963,0.22228628396987915
1774571845.308082,0.24568484723567963,0.22228628396987915
1774571845.3424478,0.24568484723567963,0.22228628396987915
1774571845.3770146,0.24568484723567963,0.22228628396987915
1774571845.407981,0.24568484723567963,0.22228628396987915
1774571845.440824,0.24568484723567963,0.22228628396987915
1774571845.4749482,-0.002996147144585848,0.4472833573818207
1774571845.50781,-0.002996147144585848,0.4472833573818207
1774571845.5428743,-0.002996147144585848,0.4472833573818207
1774571845.575193,0.24568484723567963,0.22228628396987915
1774571845.6117592,0.24568484723567963,0.22228628396987915
1774571845.64234,-0.002996147144585848,0.4472833573818207
1774571845.6771934,-0.002996147144585848,0.4472833573818207
1774571845.7108912,-0.002996147144585848,0.4472833573818207
1774571845.744427,-0.002996147144585848,0.4472833573818207
1774571845.7789595,-0.002996147144585848,0.4472833573818207
1774571845.8118482,-0.002996147144585848,0.4472833573818207
1774571845.8466501,0.24568484723567963,0.22228628396987915
1774571845.8784113,0.24568484723567963,0.22228628396987915
1774571845.9136999,0.24568484723567963,0.22228628396987915
1774571845.9474158,0.24568484723567963,0.22228628396987915
1774571845.9805856,0.24568484723567963,0.22228628396987915
1774571846.0150135,0.24568484723567963,0.22228628396987915
1774571846.0487995,0.24568484723567963,0.22228628396987915
1774571846.082918,0.24568484723567963,0.22228628396987915
1774571846.1160119,0.24568484723567963,0.22228628396987915
1774571846.1539583,0.24568484723567963,0.22228628396987915
1774571846.1827111,0.24568484723567963,0.22228628396987915
1774571846.2174847,0.24568484723567963,0.22228628396987915
1774571846.2511244,0.24568484723567963,0.22228628396987915
1774571846.2849028,0.24568484723567963,0.22228628396987915
1774571846.3185334,0.24568484723567963,0.22228628396987915
1774571846.3522844,0.24568484723567963,0.22228628396987915
1774571846.3874671,0.24568484723567963,0.22228628396987915
1774571846.4197176,0.24568484723567963,0.22228628396987915
1774571846.4546065,-0.002996147144585848,0.4472833573818207
1774571846.4882567,-0.002996147144585848,0.4472833573818207
1774571846.5225813,-0.002996147144585848,0.4472833573818207
1774571846.5557928,0.24568484723567963,0.22228628396987915
1774571846.589856,0.24568484723567963,0.22228628396987915
1774571846.6230752,0.24568484723567963,0.22228628396987915
1774571846.6575787,0.24568484723567963,0.22228628396987915
1774571846.6909578,0.24568484723567963,0.22228628396987915
1774571846.7244194,0.24568484723567963,0.22228628396987915
1774571846.757819,0.24568484723567963,0.22228628396987915
1774571846.7914603,0.24568484723567963,0.22228628396987915
1774571846.8281646,0.24568484723567963,0.22228628396987915
1774571846.8595533,0.24568484723567963,0.22228628396987915
1774571846.8945835,-0.002996147144585848,0.4472833573818207
1774571846.926627,0.24568484723567963,0.22228628396987915
1774571846.9615238,-0.002996147144585848,0.4472833573818207
1774571846.9957848,0.24568484723567963,0.22228628396987915
1774571847.0290353,0.24568484723567963,0.22228628396987915
1774571847.0630546,0.24568484723567963,0.22228628396987915
1774571847.0974221,0.24568484723567963,0.22228628396987915
1774571847.1310601,0.24568484723567963,0.22228628396987915
1774571847.163875,0.24568484723567963,0.22228628396987915
1774571847.1998723,0.24568484723567963,0.22228628396987915
1774571847.2332447,0.24568484723567963,0.22228628396987915
1774571847.2659159,0.24568484723567963,0.22228628396987915
1774571847.299745,0.24568484723567963,0.22228628396987915
1774571847.3335073,0.24568484723567963,0.22228628396987915
1774571847.3672059,0.24568484723567963,0.22228628396987915
1774571847.4014995,0.24568484723567963,0.22228628396987915
1774571847.4349053,0.24568484723567963,0.22228628396987915
1774571847.4711535,0.24568484723567963,0.22228628396987915
1774571847.5020447,0.24568484723567963,0.22228628396987915
1774571847.5393758,0.4943658411502838,-0.0027107996866106987
1774571847.5713966,0.4943658411502838,-0.0027107996866106987
1774571847.6058016,0.24568484723567963,0.22228628396987915
1774571847.6467662,0.24568484723567963,0.22228628396987915
1774571847.6755712,0.24568484723567963,0.22228628396987915
1774571847.7073317,0.24568484723567963,0.22228628396987915
1774571847.742607,0.24568484723567963,0.22228628396987915
1774571847.7759628,0.24568484723567963,0.22228628396987915
1774571847.8084283,0.24568484723567963,0.22228628396987915
1774571847.8431926,0.24568484723567963,0.22228628396987915
1774571847.874325,-0.002996147144585848,0.4472833573818207
1774571847.9079587,-0.002996147144585848,0.4472833573818207
1774571847.9418886,0.24568484723567963,0.22228628396987915
1774571848.0530477,0.24568484723567963,0.22228628396987915
1774571848.076509,0.24568484723567963,0.22228628396987915
1774571848.1122146,0.24568484723567963,0.22228628396987915
1774571848.1443558,0.24568484723567963,0.22228628396987915
1774571848.1784375,0.24568484723567963,0.22228628396987915
1774571848.2109036,0.24568484723567963,0.22228628396987915
1774571848.2450566,0.24568484723567963,0.22228628396987915
1774571848.2792025,0.24568484723567963,0.22228628396987915
1774571848.3137717,0.24568484723567963,0.22228628396987915
1774571848.3472676,0.24568484723567963,0.22228628396987915
1774571848.3805423,0.24568484723567963,0.22228628396987915
1774571848.4156866,0.24568484723567963,0.22228628396987915
1774571848.4482098,0.24568484723567963,0.22228628396987915
1774571848.4822671,0.24568484723567963,0.22228628396987915
1774571848.5169332,0.24568484723567963,0.22228628396987915
1774571848.5492244,0.24568484723567963,0.22228628396987915
1774571848.5831904,0.24568484723567963,0.22228628396987915
1774571848.6186485,0.24568484723567963,0.22228628396987915
1774571848.6507297,0.24568484723567963,0.22228628396987915
1774571848.6867418,0.24568484723567963,0.22228628396987915
1774571848.7207649,0.24568484723567963,0.22228628396987915
1774571848.753202,0.24568484723567963,0.22228628396987915
1774571848.7874565,0.24568484723567963,0.22228628396987915
1774571848.8217425,0.24568484723567963,0.22228628396987915
1774571848.854968,0.24568484723567963,0.22228628396987915
1774571848.8880627,0.24568484723567963,0.22228628396987915
1774571848.9217713,0.24568484723567963,0.22228628396987915
1774571848.9551644,0.24568484723567963,0.22228628396987915
1774571848.989689,0.24568484723567963,0.22228628396987915
1774571849.0238068,0.24568484723567963,0.22228628396987915
1774571849.0589654,0.24568484723567963,0.22228628396987915
1774571849.0920596,0.24568484723567963,0.22228628396987915
1774571849.1249878,0.24568484723567963,0.22228628396987915
1774571849.1580632,0.24568484723567963,0.22228628396987915
1774571849.1915262,-0.002996147144585848,0.4472833573818207
1774571849.2253947,-0.002996147144585848,0.4472833573818207
1774571849.258729,0.24568484723567963,0.22228628396987915
1774571849.292492,0.24568484723567963,0.22228628396987915
1774571849.3266187,0.24568484723567963,0.22228628396987915
1774571849.3640523,0.24568484723567963,0.22228628396987915
1774571849.3954163,0.24568484723567963,0.22228628396987915
1774571849.42945,0.24568484723567963,0.22228628396987915
1774571849.463472,0.24568484723567963,0.22228628396987915
1774571849.4961352,0.24568484723567963,0.22228628396987915
1774571849.5304048,0.24568484723567963,0.22228628396987915
1774571849.5647678,0.24568484723567963,0.22228628396987915
1774571849.5974429,0.24568484723567963,0.22228628396987915
1774571849.631641,0.24568484723567963,0.22228628396987915
1774571849.6661355,0.24568484723567963,0.22228628396987915
1774571849.6999264,-0.002996147144585848,0.4472833573818207
1774571849.7337062,-0.002996147144585848,0.4472833573818207
1774571849.7672622,0.24568484723567963,0.22228628396987915
1774571849.7996917,0.24568484723567963,0.22228628396987915
1774571849.8341513,0.24568484723567963,0.22228628396987915
1774571849.8698065,0.24568484723567963,0.22228628396987915
1774571849.9085493,0.24568484723567963,0.22228628396987915
1774571849.941949,0.24568484723567963,0.22228628396987915
1774571849.9740746,0.24568484723567963,0.22228628396987915
1774571850.0104148,0.24568484723567963,0.22228628396987915
1774571850.0410142,0.24568484723567963,0.22228628396987915
1774571850.0779572,0.24568484723567963,0.22228628396987915
1774571850.107323,0.24568484723567963,0.22228628396987915
1774571850.1425505,0.24568484723567963,0.22228628396987915
1774571850.1735716,0.24568484723567963,0.22228628396987915
1774571850.2082984,0.24568484723567963,0.22228628396987915
1774571850.2408903,0.24568484723567963,0.22228628396987915
1774571850.3076713,0.24568484723567963,0.22228628396987915
1774571850.342845,0.24568484723567963,0.22228628396987915
1774571850.3748515,0.24568484723567963,0.22228628396987915
1774571850.4099574,0.24568484723567963,0.22228628396987915
1774571850.4419768,0.24568484723567963,0.22228628396987915
1774571850.4749181,0.24568484723567963,0.22228628396987915
1774571850.5091867,0.24568484723567963,0.22228628396987915
1774571850.542668,0.24568484723567963,0.22228628396987915
1774571850.578085,0.24568484723567963,0.22228628396987915
1774571850.6141195,0.24568484723567963,0.22228628396987915
1774571850.647885,0.24568484723567963,0.22228628396987915
1774571850.6794312,0.24568484723567963,0.22228628396987915
1774571850.7126803,0.24568484723567963,0.22228628396987915
1774571850.7460268,0.24568484723567963,0.22228628396987915
1774571850.7803586,0.24568484723567963,0.22228628396987915
1774571850.813268,0.24568484723567963,0.22228628396987915
1774571850.847942,0.24568484723567963,0.22228628396987915
1774571850.8814592,0.24568484723567963,0.22228628396987915
1774571850.9174447,0.24568484723567963,0.22228628396987915
1774571850.950716,0.24568484723567963,0.22228628396987915
1774571850.983687,-0.002996147144585848,0.4472833573818207
1774571851.0175326,0.24568484723567963,0.22228628396987915
1774571851.0496504,0.24568484723567963,0.22228628396987915
1774571851.083916,0.24568484723567963,0.22228628396987915
1774571851.1176953,0.24568484723567963,0.22228628396987915
1774571851.1512117,0.24568484723567963,0.22228628396987915
1774571851.1856358,0.24568484723567963,0.22228628396987915
1774571851.2195876,0.24568484723567963,0.22228628396987915
1774571851.2526746,0.24568484723567963,0.22228628396987915
1774571851.2870216,0.24568484723567963,0.22228628396987915
1774571851.3206606,0.24568484723567963,0.22228628396987915
1774571851.3566356,0.24568484723567963,0.22228628396987915
1774571851.3892972,0.24568484723567963,0.22228628396987915
1774571851.4226131,0.24568484723567963,0.22228628396987915
1774571851.4551077,0.24568484723567963,0.22228628396987915
1774571851.4899764,0.24568484723567963,0.22228628396987915
1774571851.5229843,0.24568484723567963,0.22228628396987915
1774571851.5573363,0.24568484723567963,0.22228628396987915
1774571851.590936,0.24568484723567963,0.22228628396987915
1774571851.6249173,0.24568484723567963,0.22228628396987915
1774571851.657981,0.24568484723567963,0.22228628396987915
1774571851.6918745,0.24568484723567963,0.22228628396987915
1774571851.7268505,0.24568484723567963,0.22228628396987915
1774571851.7597854,0.24568484723567963,0.22228628396987915
1774571851.7932065,0.24568484723567963,0.22228628396987915
1774571851.8283482,-0.002996147144585848,0.4472833573818207
1774571851.8624206,-0.002996147144585848,0.4472833573818207
1774571851.895103,0.24568484723567963,0.22228628396987915
1774571851.9285192,0.24568484723567963,0.22228628396987915
1774571851.9632087,0.24568484723567963,0.22228628396987915
1774571851.9967155,0.24568484723567963,0.22228628396987915
1774571852.03039,0.24568484723567963,0.22228628396987915
1774571852.0646467,0.24568484723567963,0.22228628396987915
1774571852.0987499,0.24568484723567963,0.22228628396987915
1774571852.133496,0.24568484723567963,0.22228628396987915
1774571852.1666641,0.24568484723567963,0.22228628396987915
1774571852.2007625,0.24568484723567963,0.22228628396987915
1774571852.2345395,0.24568484723567963,0.22228628396987915
1774571852.2668068,0.24568484723567963,0.22228628396987915
1774571852.3008199,0.24568484723567963,0.22228628396987915
1774571852.3375711,0.24568484723567963,0.22228628396987915
1774571852.37099,0.24568484723567963,0.22228628396987915
1774571852.4045124,0.24568484723567963,0.22228628396987915
1774571852.4432085,0.24568484723567963,0.22228628396987915
1774571852.474161,0.24568484723567963,0.22228628396987915
1774571852.5080256,0.24568484723567963,0.22228628396987915
1774571852.5414815,0.24568484723567963,0.22228628396987915
1774571852.579855,0.24568484723567963,0.22228628396987915
1774571852.6069422,0.24568484723567963,0.22228628396987915
1774571852.6415753,0.24568484723567963,0.22228628396987915
1774571852.6745741,0.24568484723567963,0.22228628396987915
1774571852.7082245,0.24568484723567963,0.22228628396987915
1774571852.7407053,0.24568484723567963,0.22228628396987915
1774571852.775864,0.24568484723567963,0.22228628396987915
1774571852.809025,0.24568484723567963,0.22228628396987915
1774571852.841493,-0.002996147144585848,0.4472833573818207
1774571852.8755038,-0.002996147144585848,0.4472833573818207
1774571852.9132848,0.24568484723567963,0.22228628396987915
1774571853.0260417,0.24568484723567963,0.22228628396987915
1774571853.0448294,0.24568484723567963,0.22228628396987915
1774571853.0794587,0.24568484723567963,0.22228628396987915
1774571853.1124794,0.24568484723567963,0.22228628396987915
1774571853.1470292,0.24568484723567963,0.22228628396987915
1774571853.1810153,0.24568484723567963,0.22228628396987915
1774571853.2146401,0.24568484723567963,0.22228628396987915
1774571853.2481854,0.24568484723567963,0.22228628396987915
1774571853.2815182,0.24568484723567963,0.22228628396987915
1774571853.314737,0.24568484723567963,0.22228628396987915
1774571853.3484287,0.24568484723567963,0.22228628396987915
1774571853.383662,0.24568484723567963,0.22228628396987915
1774571853.4165711,0.24568484723567963,0.22228628396987915
1774571853.4511123,0.24568484723567963,0.22228628396987915
1774571853.484319,0.24568484723567963,0.22228628396987915
1774571853.5179548,0.24568484723567963,0.22228628396987915
1774571853.552748,0.24568484723567963,0.22228628396987915
1774571853.585537,0.24568484723567963,0.22228628396987915
1774571853.619832,0.24568484723567963,0.22228628396987915
1774571853.6537557,0.24568484723567963,0.22228628396987915
1774571853.6867495,0.24568484723567963,0.22228628396987915
1774571853.7205963,0.24568484723567963,0.22228628396987915
1774571853.754554,0.24568484723567963,0.22228628396987915
1774571853.7884567,0.24568484723567963,0.22228628396987915
1774571853.8227928,0.24568484723567963,0.22228628396987915
1774571853.856057,0.24568484723567963,0.22228628396987915
1774571853.88952,0.24568484723567963,0.22228628396987915
1774571853.9232435,0.24568484723567963,0.22228628396987915
1774571853.9568665,0.24568484723567963,0.22228628396987915
1774571853.9917183,0.24568484723567963,0.22228628396987915
1774571854.0241728,0.24568484723567963,0.22228628396987915
1774571854.0581703,0.24568484723567963,0.22228628396987915
1774571854.091724,0.24568484723567963,0.22228628396987915
1774571854.1254265,0.24568484723567963,0.22228628396987915
1774571854.1595004,0.24568484723567963,0.22228628396987915
1774571854.194291,0.24568484723567963,0.22228628396987915
1774571854.2288973,0.24568484723567963,0.22228628396987915
1774571854.2613704,0.24568484723567963,0.22228628396987915
1774571854.2953184,0.24568484723567963,0.22228628396987915
1774571854.3298237,0.24568484723567963,0.22228628396987915
1774571854.3623204,0.24568484723567963,0.22228628396987915
1774571854.3960547,0.24568484723567963,0.22228628396987915
1774571854.4303205,0.24568484723567963,0.22228628396987915
1774571854.4640458,0.24568484723567963,0.22228628396987915
1774571854.4969702,0.24568484723567963,0.22228628396987915
1774571854.5307465,0.24568484723567963,0.22228628396987915
1774571854.5646296,0.24568484723567963,0.22228628396987915
1774571854.599038,0.24568484723567963,0.22228628396987915
1774571854.6331637,0.24568484723567963,0.22228628396987915
1774571854.6665843,0.24568484723567963,0.22228628396987915
1774571854.6997635,0.4943658411502838,-0.0027107996866106987
1774571854.7334661,0.4943658411502838,-0.0027107996866106987
1774571854.7703307,0.24568484723567963,0.22228628396987915
1774571854.802559,0.24568484723567963,0.22228628396987915
1774571854.8387969,0.24568484723567963,0.22228628396987915
1774571854.872692,0.24568484723567963,0.22228628396987915
1774571854.9061947,0.24568484723567963,0.22228628396987915
1774571854.9397862,0.24568484723567963,0.22228628396987915
1774571854.9738479,0.24568484723567963,0.22228628396987915
1774571855.0094957,0.24568484723567963,0.22228628396987915
1774571855.0395944,0.24568484723567963,0.22228628396987915
1774571855.0746546,0.24568484723567963,0.22228628396987915
1774571855.107366,0.24568484723567963,0.22228628396987915
1774571855.1405718,-0.002996147144585848,0.4472833573818207
1774571855.1850183,-0.002996147144585848,0.4472833573818207
1774571855.211479,0.24568484723567963,0.22228628396987915
1774571855.2400272,0.24568484723567963,0.22228628396987915
1774571855.2754776,0.24568484723567963,0.22228628396987915
1774571855.3082607,0.24568484723567963,0.22228628396987915
1774571855.3436754,0.24568484723567963,0.22228628396987915
1774571855.377571,0.24568484723567963,0.22228628396987915
1774571855.4102557,0.24568484723567963,0.22228628396987915
1774571855.4431841,0.24568484723567963,0.22228628396987915
1774571855.4765065,0.24568484723567963,0.22228628396987915
1774571855.5120242,0.24568484723567963,0.22228628396987915
1774571855.5451717,0.24568484723567963,0.22228628396987915
1774571855.5787718,0.24568484723567963,0.22228628396987915
1774571855.6112761,0.24568484723567963,0.22228628396987915
1774571855.6462677,0.24568484723567963,0.22228628396987915
1774571855.6791227,0.24568484723567963,0.22228628396987915
1774571855.7137046,0.24568484723567963,0.22228628396987915
1774571855.747509,0.24568484723567963,0.22228628396987915
1774571855.782968,0.24568484723567963,0.22228628396987915
1774571855.8230898,0.24568484723567963,0.22228628396987915
1774571855.8482165,0.24568484723567963,0.22228628396987915
1774571855.8817399,0.24568484723567963,0.22228628396987915
1774571855.9163558,0.24568484723567963,0.22228628396987915
1774571855.9495554,0.24568484723567963,0.22228628396987915
1774571855.9832544,0.24568484723567963,0.22228628396987915
1774571856.0166724,0.24568484723567963,0.22228628396987915
1774571856.050759,0.24568484723567963,0.22228628396987915
1774571856.0848684,0.24568484723567963,0.22228628396987915
1774571856.1189742,0.24568484723567963,0.22228628396987915
1774571856.1527746,0.24568484723567963,0.22228628396987915
1774571856.186711,0.24568484723567963,0.22228628396987915
1774571856.220269,0.24568484723567963,0.22228628396987915
1774571856.2575223,0.24568484723567963,0.22228628396987915
1774571856.292233,0.24568484723567963,0.22228628396987915
1774571856.3208187,0.4943658411502838,-0.0027107996866106987
1774571856.3553991,0.4943658411502838,-0.0027107996866106987
1774571856.3891551,0.24568484723567963,0.22228628396987915
1774571856.4230819,0.24568484723567963,0.22228628396987915
1774571856.4560366,0.24568484723567963,0.22228628396987915
1774571856.4906402,0.24568484723567963,0.22228628396987915
1774571856.5246172,0.24568484723567963,0.22228628396987915
1774571856.558837,0.24568484723567963,0.22228628396987915
1774571856.591807,0.24568484723567963,0.22228628396987915
1774571856.6288633,0.24568484723567963,0.22228628396987915
1774571856.6600304,0.24568484723567963,0.22228628396987915
1774571856.6943765,0.24568484723567963,0.22228628396987915
1774571856.72752,0.24568484723567963,0.22228628396987915
1774571856.7612782,0.24568484723567963,0.22228628396987915
1774571856.7941535,0.24568484723567963,0.22228628396987915
1774571856.828501,0.24568484723567963,0.22228628396987915
1774571856.862512,0.24568484723567963,0.22228628396987915
1774571856.8958833,0.24568484723567963,0.22228628396987915
1774571856.9306564,0.24568484723567963,0.22228628396987915
1774571856.9636583,0.24568484723567963,0.22228628396987915
1774571857.0037467,0.24568484723567963,0.22228628396987915
1774571857.0310056,0.24568484723567963,0.22228628396987915
1774571857.0653682,0.24568484723567963,0.22228628396987915
1774571857.0991096,0.24568484723567963,0.22228628396987915
1774571857.1328318,0.24568484723567963,0.22228628396987915
1774571857.1663697,0.24568484723567963,0.22228628396987915
1774571857.199651,0.24568484723567963,0.22228628396987915
1774571857.2365217,0.24568484723567963,0.22228628396987915
1774571857.286985,0.24568484723567963,0.22228628396987915
1774571857.3008926,0.24568484723567963,0.22228628396987915
1774571857.5186872,0.24568484723567963,0.22228628396987915
1774571857.5391,0.24568484723567963,0.22228628396987915
1774571857.8329337,0.24568484723567963,0.22228628396987915
1774571857.8439314,0.24568484723567963,0.22228628396987915
1774571857.874758,0.24568484723567963,0.22228628396987915
1774571857.909689,0.24568484723567963,0.22228628396987915
1774571857.943817,0.24568484723567963,0.22228628396987915
1774571857.9856915,0.24568484723567963,0.22228628396987915
1774571858.0110855,0.24568484723567963,0.22228628396987915
1774571858.044687,0.24568484723567963,0.22228628396987915
1774571858.0774922,0.24568484723567963,0.22228628396987915
1774571858.1122756,0.24568484723567963,0.22228628396987915
1774571858.145763,0.24568484723567963,0.22228628396987915
1774571858.1797433,0.24568484723567963,0.22228628396987915
1774571858.2141743,0.24568484723567963,0.22228628396987915
1774571858.248033,0.24568484723567963,0.22228628396987915
1774571858.2813766,0.24568484723567963,0.22228628396987915
1774571858.3152282,0.24568484723567963,0.22228628396987915
1774571858.3490367,0.24568484723567963,0.22228628396987915
1774571858.3831184,0.24568484723567963,0.22228628396987915
1774571858.4176593,0.24568484723567963,0.22228628396987915
1774571858.4502609,0.24568484723567963,0.22228628396987915
1774571858.483483,0.24568484723567963,0.22228628396987915
1774571858.5177608,0.24568484723567963,0.22228628396987915
1774571858.5510106,0.24568484723567963,0.22228628396987915
1774571858.5852146,0.24568484723567963,0.22228628396987915
1774571858.6187558,0.24568484723567963,0.22228628396987915
1774571858.6529038,0.24568484723567963,0.22228628396987915
1774571858.6881752,0.24568484723567963,0.22228628396987915
1774571858.7199943,0.24568484723567963,0.22228628396987915
1774571858.7546945,0.24568484723567963,0.22228628396987915
1774571858.7882526,0.24568484723567963,0.22228628396987915
1774571858.8218458,0.24568484723567963,0.22228628396987915
1774571858.855611,0.24568484723567963,0.22228628396987915
1774571858.8880463,0.24568484723567963,0.22228628396987915
1774571858.9229941,0.24568484723567963,0.22228628396987915
1774571858.9562056,0.24568484723567963,0.22228628396987915
1774571858.990864,0.24568484723567963,0.22228628396987915
1774571859.0253553,0.4943658411502838,-0.0027107996866106987
1774571859.0583298,0.4943658411502838,-0.0027107996866106987
1774571859.0927315,0.24568484723567963,0.22228628396987915
1774571859.1266809,0.24568484723567963,0.22228628396987915
1774571859.1616206,0.24568484723567963,0.22228628396987915
1774571859.1943793,0.24568484723567963,0.22228628396987915
1774571859.2286232,0.24568484723567963,0.22228628396987915
1774571859.2619479,0.24568484723567963,0.22228628396987915
1774571859.2971408,0.24568484723567963,0.22228628396987915
1774571859.3286037,0.24568484723567963,0.22228628396987915
1774571859.3635304,0.24568484723567963,0.22228628396987915
1774571859.3967795,0.24568484723567963,0.22228628396987915
1774571859.4300435,0.24568484723567963,0.22228628396987915
1774571859.4642084,0.24568484723567963,0.22228628396987915
1774571859.5053108,0.4943658411502838,-0.0027107996866106987
1774571859.531203,0.4943658411502838,-0.0027107996866106987
1774571859.5646663,0.24568484723567963,0.22228628396987915
1774571859.5985253,0.24568484723567963,0.22228628396987915
1774571859.6327288,0.24568484723567963,0.22228628396987915
1774571859.6694744,0.24568484723567963,0.22228628396987915
1774571859.699889,0.24568484723567963,0.22228628396987915
1774571859.7352173,0.24568484723567963,0.22228628396987915
1774571859.772432,0.24568484723567963,0.22228628396987915
1774571859.808625,0.24568484723567963,0.22228628396987915
1774571859.8407936,0.24568484723567963,0.22228628396987915
1774571859.8756285,0.24568484723567963,0.22228628396987915
1774571859.9051206,0.24568484723567963,0.22228628396987915
1774571859.9386659,0.24568484723567963,0.22228628396987915
1774571859.9719417,0.24568484723567963,0.22228628396987915
1774571860.0087786,0.24568484723567963,0.22228628396987915
1774571860.0417342,0.24568484723567963,0.22228628396987915
1774571860.0728672,0.24568484723567963,0.22228628396987915
1774571860.1058197,0.24568484723567963,0.22228628396987915
1774571860.150844,0.24568484723567963,0.22228628396987915
1774571860.1753728,0.24568484723567963,0.22228628396987915
1774571860.2071204,0.24568484723567963,0.22228628396987915
1774571860.241791,0.24568484723567963,0.22228628396987915
1774571860.3102303,0.24568484723567963,0.22228628396987915
1774571860.3458319,0.24568484723567963,0.22228628396987915
1774571860.3787098,0.24568484723567963,0.22228628396987915
1774571860.4129546,0.24568484723567963,0.22228628396987915
1774571860.444863,0.24568484723567963,0.22228628396987915
1774571860.4800968,0.24568484723567963,0.22228628396987915
1774571860.5139325,0.24568484723567963,0.22228628396987915
1774571860.547563,0.24568484723567963,0.22228628396987915
1774571860.580704,-0.002996147144585848,0.4472833573818207
1774571860.6158226,0.24568484723567963,0.22228628396987915
1774571860.6484644,0.24568484723567963,0.22228628396987915
1774571860.6825905,0.24568484723567963,0.22228628396987915
1774571860.7166805,0.24568484723567963,0.22228628396987915
1774571860.75077,0.24568484723567963,0.22228628396987915
1774571860.7838104,0.24568484723567963,0.22228628396987915
1774571860.8177245,0.24568484723567963,0.22228628396987915
1774571860.852399,0.24568484723567963,0.22228628396987915
1774571860.885331,0.24568484723567963,0.22228628396987915
1774571860.9186192,0.24568484723567963,0.22228628396987915
1774571860.952143,0.24568484723567963,0.22228628396987915
1774571860.9859223,0.24568484723567963,0.22228628396987915
1774571861.0193024,0.24568484723567963,0.22228628396987915
1774571861.0544436,-0.002996147144585848,0.4472833573818207
1774571861.0914927,-0.002996147144585848,0.4472833573818207
1774571861.122112,-0.002996147144585848,0.4472833573818207
1774571861.1550705,0.24568484723567963,0.22228628396987915
1774571861.1888502,0.24568484723567963,0.22228628396987915
1774571861.222202,0.24568484723567963,0.22228628396987915
1774571861.256851,0.24568484723567963,0.22228628396987915
1774571861.290004,0.24568484723567963,0.22228628396987915
1774571861.323983,0.24568484723567963,0.22228628396987915
1774571861.3591037,0.24568484723567963,0.22228628396987915
1774571861.3915806,0.24568484723567963,0.22228628396987915
1774571861.426178,-0.002996147144585848,0.4472833573818207
1774571861.4594028,-0.002996147144585848,0.4472833573818207
1774571861.4945142,0.24568484723567963,0.22228628396987915
1774571861.5277035,0.24568484723567963,0.22228628396987915
1774571861.5608993,0.24568484723567963,0.22228628396987915
1774571861.5954652,0.24568484723567963,0.22228628396987915
1774571861.6297681,0.24568484723567963,0.22228628396987915
1774571861.6642144,-0.002996147144585848,0.4472833573818207
1774571861.6959898,-0.002996147144585848,0.4472833573818207
1774571861.729859,0.24568484723567963,0.22228628396987915
1774571861.7639024,0.24568484723567963,0.22228628396987915
1774571861.797754,0.24568484723567963,0.22228628396987915
1774571861.830935,0.24568484723567963,0.22228628396987915
1774571861.8651237,0.24568484723567963,0.22228628396987915
1774571861.9817026,0.24568484723567963,0.22228628396987915
1774571862.0071352,-0.002996147144585848,0.4472833573818207
1774571862.0390825,0.24568484723567963,0.22228628396987915
1774571862.071488,0.24568484723567963,0.22228628396987915
1774571862.1049879,0.24568484723567963,0.22228628396987915
1774571862.1388867,0.24568484723567963,0.22228628396987915
1774571862.1721046,0.24568484723567963,0.22228628396987915
1774571862.2043226,0.24568484723567963,0.22228628396987915
1774571862.2388346,-0.002996147144585848,0.4472833573818207
1774571862.273485,-0.002996147144585848,0.4472833573818207
1774571862.3047576,-0.002996147144585848,0.4472833573818207
1774571862.3414335,0.24568484723567963,0.22228628396987915
1774571862.3733535,0.24568484723567963,0.22228628396987915
1774571862.4073067,0.24568484723567963,0.22228628396987915
1774571862.4407377,0.24568484723567963,0.22228628396987915
1774571862.4739742,-0.002996147144585848,0.4472833573818207
1774571862.5081906,-0.002996147144585848,0.4472833573818207
1774571862.542126,-0.002996147144585848,0.4472833573818207
1774571862.5757751,0.24568484723567963,0.22228628396987915
1774571862.6089876,0.24568484723567963,0.22228628396987915
1774571862.642261,0.24568484723567963,0.22228628396987915
1774571862.6768868,0.24568484723567963,0.22228628396987915
1774571862.7113378,0.24568484723567963,0.22228628396987915
1774571862.7450004,0.24568484723567963,0.22228628396987915
1774571862.7792249,-0.002996147144585848,0.4472833573818207
1774571862.8121417,-0.002996147144585848,0.4472833573818207
1774571862.846206,-0.002996147144585848,0.4472833573818207
1774571862.8793585,0.24568484723567963,0.22228628396987915
1774571862.913801,0.24568484723567963,0.22228628396987915
1774571862.9475095,0.24568484723567963,0.22228628396987915
1774571862.9804537,0.24568484723567963,0.22228628396987915
1774571863.0149524,0.24568484723567963,0.22228628396987915
1774571863.048168,0.24568484723567963,0.22228628396987915
1774571863.0826213,0.24568484723567963,0.22228628396987915
1774571863.116276,0.24568484723567963,0.22228628396987915
1774571863.1502256,0.24568484723567963,0.22228628396987915
1774571863.184551,0.24568484723567963,0.22228628396987915
1774571863.2178788,0.24568484723567963,0.22228628396987915
1774571863.2509131,0.24568484723567963,0.22228628396987915
1774571863.2850924,0.24568484723567963,0.22228628396987915
1774571863.3189304,0.24568484723567963,0.22228628396987915
1774571863.3530445,0.24568484723567963,0.22228628396987915
1774571863.386286,0.24568484723567963,0.22228628396987915
1774571863.4197342,0.24568484723567963,0.22228628396987915
1774571863.454446,0.24568484723567963,0.22228628396987915
1774571863.488263,-0.002996147144585848,0.4472833573818207
1774571863.5211127,-0.002996147144585848,0.4472833573818207
1774571863.554831,-0.002996147144585848,0.4472833573818207
1774571863.590244,0.24568484723567963,0.22228628396987915
1774571863.622749,0.24568484723567963,0.22228628396987915
1774571863.658548,0.24568484723567963,0.22228628396987915
1774571863.6890247,0.24568484723567963,0.22228628396987915
1774571863.7242706,0.24568484723567963,0.22228628396987915
1774571863.7590163,-0.002996147144585848,0.4472833573818207
1774571863.792274,-0.002996147144585848,0.4472833573818207
1774571863.8260853,0.24568484723567963,0.22228628396987915
1774571863.8589706,0.24568484723567963,0.22228628396987915
1774571863.8934722,0.24568484723567963,0.22228628396987915
1774571863.927052,0.24568484723567963,0.22228628396987915
1774571863.9609993,0.24568484723567963,0.22228628396987915
1774571863.9944084,0.24568484723567963,0.22228628396987915
1774571864.0294073,0.24568484723567963,0.22228628396987915
1774571864.0628898,0.24568484723567963,0.22228628396987915
1774571864.0964112,0.24568484723567963,0.22228628396987915
1774571864.1302063,0.24568484723567963,0.22228628396987915
1774571864.1633484,0.4943658411502838,-0.0027107996866106987
1774571864.196631,0.4943658411502838,-0.0027107996866106987
1774571864.2322648,0.24568484723567963,0.22228628396987915
1774571864.264951,0.24568484723567963,0.22228628396987915
1774571864.298451,0.24568484723567963,0.22228628396987915
1774571864.3431964,0.24568484723567963,0.22228628396987915
1774571864.3682654,0.24568484723567963,0.22228628396987915
1774571864.481586,0.24568484723567963,0.22228628396987915
1774571864.5056472,0.24568484723567963,0.22228628396987915
1774571864.5402908,-0.002996147144585848,0.4472833573818207
1774571864.5736468,-0.002996147144585848,0.4472833573818207
1774571864.605995,0.24568484723567963,0.22228628396987915
1774571864.6385093,0.24568484723567963,0.22228628396987915
1774571864.671205,0.24568484723567963,0.22228628396987915
1774571864.70599,0.24568484723567963,0.22228628396987915
1774571864.7417781,0.24568484723567963,0.22228628396987915
1774571864.7717025,0.24568484723567963,0.22228628396987915
1774571864.8073335,0.24568484723567963,0.22228628396987915
1774571864.8416023,0.24568484723567963,0.22228628396987915
1774571864.8736267,0.24568484723567963,0.22228628396987915
1774571864.9068515,0.24568484723567963,0.22228628396987915
1774571864.9409122,0.24568484723567963,0.22228628396987915
1774571864.9761052,0.24568484723567963,0.22228628396987915
1774571865.0095923,0.4943658411502838,-0.0027107996866106987
1774571865.0450013,0.4943658411502838,-0.0027107996866106987
1774571865.0749915,0.24568484723567963,0.22228628396987915
1774571865.1103935,0.24568484723567963,0.22228628396987915
1774571865.144119,0.24568484723567963,0.22228628396987915
1774571865.1784637,0.24568484723567963,0.22228628396987915
1774571865.212071,0.24568484723567963,0.22228628396987915
1774571865.2462585,0.24568484723567963,0.22228628396987915
1774571865.2787263,0.24568484723567963,0.22228628396987915
1774571865.3131366,0.24568484723567963,0.22228628396987915
1774571865.3467326,0.24568484723567963,0.22228628396987915
1774571865.3803704,-0.002996147144585848,0.4472833573818207
1774571865.4141247,-0.002996147144585848,0.4472833573818207
1774571865.4479058,0.24568484723567963,0.22228628396987915
1774571865.4814208,0.24568484723567963,0.22228628396987915
1774571865.5161455,0.24568484723567963,0.22228628396987915
1774571865.5494206,0.24568484723567963,0.22228628396987915
1774571865.5827837,0.24568484723567963,0.22228628396987915
1774571865.6171906,0.24568484723567963,0.22228628396987915
1774571865.6508906,0.24568484723567963,0.22228628396987915
1774571865.6892135,0.24568484723567963,0.22228628396987915
1774571865.7187643,0.24568484723567963,0.22228628396987915
1774571865.7515793,0.24568484723567963,0.22228628396987915
1774571865.786886,0.24568484723567963,0.22228628396987915
1774571865.8202178,0.24568484723567963,0.22228628396987915
1774571865.8537521,0.24568484723567963,0.22228628396987915
1774571865.8879235,0.24568484723567963,0.22228628396987915
1774571865.921224,0.24568484723567963,0.22228628396987915
1774571865.9568226,0.24568484723567963,0.22228628396987915
1774571865.989211,0.24568484723567963,0.22228628396987915
1774571866.0230536,0.4943658411502838,-0.0027107996866106987
1774571866.0562606,0.24568484723567963,0.22228628396987915
1774571866.0915525,0.24568484723567963,0.22228628396987915
1774571866.1250331,0.24568484723567963,0.22228628396987915
1774571866.1623523,0.24568484723567963,0.22228628396987915
1774571866.1929536,0.24568484723567963,0.22228628396987915
1774571866.2261915,0.24568484723567963,0.22228628396987915
1774571866.2606285,0.24568484723567963,0.22228628396987915
1774571866.2942097,0.24568484723567963,0.22228628396987915
1774571866.3276553,0.24568484723567963,0.22228628396987915
1774571866.3632457,0.24568484723567963,0.22228628396987915
1774571866.3959346,0.24568484723567963,0.22228628396987915
1774571866.430714,0.24568484723567963,0.22228628396987915
1774571866.4641373,0.24568484723567963,0.22228628396987915
1774571866.4968827,0.24568484723567963,0.22228628396987915
1774571866.530537,0.24568484723567963,0.22228628396987915
1774571866.5638487,0.24568484723567963,0.22228628396987915
1774571866.6013145,0.24568484723567963,0.22228628396987915
1774571866.6346996,0.24568484723567963,0.22228628396987915
1774571866.6683187,0.24568484723567963,0.22228628396987915
1774571866.7014601,0.24568484723567963,0.22228628396987915
1774571866.7390635,0.24568484723567963,0.22228628396987915
1774571866.774654,0.24568484723567963,0.22228628396987915
1774571866.8066192,0.24568484723567963,0.22228628396987915
1774571866.8426695,0.24568484723567963,0.22228628396987915
1774571866.871701,0.24568484723567963,0.22228628396987915
1774571866.9045033,0.24568484723567963,0.22228628396987915
1774571866.9379709,0.24568484723567963,0.22228628396987915
1774571866.9715512,0.24568484723567963,0.22228628396987915
1774571867.0054126,0.24568484723567963,0.22228628396987915
1774571867.0389383,0.24568484723567963,0.22228628396987915
1774571867.0717468,0.24568484723567963,0.22228628396987915
1774571867.1060486,0.24568484723567963,0.22228628396987915
1774571867.1416678,0.24568484723567963,0.22228628396987915
1774571867.1732383,0.24568484723567963,0.22228628396987915
1774571867.2064154,0.24568484723567963,0.22228628396987915
1774571867.2397108,0.24568484723567963,0.22228628396987915
1774571867.2739847,0.24568484723567963,0.22228628396987915
1774571867.3082438,0.24568484723567963,0.22228628396987915
1774571867.3460386,0.24568484723567963,0.22228628396987915
1774571867.3758495,0.24568484723567963,0.22228628396987915
1774571867.4098573,0.24568484723567963,0.22228628396987915
1774571867.4434388,0.24568484723567963,0.22228628396987915
1774571867.4771929,0.24568484723567963,0.22228628396987915
1774571867.5124822,0.24568484723567963,0.22228628396987915
1774571867.5463526,0.24568484723567963,0.22228628396987915
1774571867.578734,0.24568484723567963,0.22228628396987915
1774571867.6130507,0.24568484723567963,0.22228628396987915
1774571867.6469896,0.24568484723567963,0.22228628396987915
1774571867.6804674,0.24568484723567963,0.22228628396987915
1774571867.7140336,0.24568484723567963,0.22228628396987915
1774571867.7474005,0.24568484723567963,0.22228628396987915
1774571867.7821064,0.24568484723567963,0.22228628396987915
1774571867.8149405,0.4943658411502838,-0.0027107996866106987
1774571867.8486347,0.4943658411502838,-0.0027107996866106987
1774571867.8847685,0.4943658411502838,-0.0027107996866106987
1774571867.9188235,0.4943658411502838,-0.0027107996866106987
1774571867.9505687,0.4943658411502838,-0.0027107996866106987
1774571867.984564,0.4943658411502838,-0.0027107996866106987
1774571868.018347,0.24568484723567963,0.22228628396987915
1774571868.0522418,0.24568484723567963,0.22228628396987915
1774571868.0861917,0.24568484723567963,0.22228628396987915
1774571868.1217816,0.24568484723567963,0.22228628396987915
1774571868.153654,0.24568484723567963,0.22228628396987915
1774571868.1871424,0.24568484723567963,0.22228628396987915
1774571868.2211213,0.24568484723567963,0.22228628396987915
1774571868.2607799,0.24568484723567963,0.22228628396987915
1774571868.289601,0.24568484723567963,0.22228628396987915
1774571868.322336,0.24568484723567963,0.22228628396987915
1774571868.3561916,0.4943658411502838,-0.0027107996866106987
1774571868.3902617,0.4943658411502838,-0.0027107996866106987
1774571868.4234254,0.4943658411502838,-0.0027107996866106987
1774571868.457694,0.4943658411502838,-0.0027107996866106987
1774571868.4917374,0.4943658411502838,-0.0027107996866106987
1774571868.525875,0.4943658411502838,-0.0027107996866106987
1774571868.5594277,0.24568484723567963,0.22228628396987915
1774571868.5924072,0.24568484723567963,0.22228628396987915
1774571868.6271045,0.24568484723567963,0.22228628396987915
1774571868.660425,0.24568484723567963,0.22228628396987915
1774571868.6941724,0.24568484723567963,0.22228628396987915
1774571868.7282393,0.24568484723567963,0.22228628396987915
1774571868.7620308,0.24568484723567963,0.22228628396987915
1774571868.7969058,0.4943658411502838,-0.0027107996866106987
1774571868.8293319,0.4943658411502838,-0.0027107996866106987
1774571868.863093,0.4943658411502838,-0.0027107996866106987
1774571868.8968456,0.24568484723567963,0.22228628396987915
1774571868.9304185,0.24568484723567963,0.22228628396987915
1774571868.9646297,0.24568484723567963,0.22228628396987915
1774571869.0009193,0.24568484723567963,0.22228628396987915
1774571869.1138744,0.24568484723567963,0.22228628396987915
1774571869.1368692,0.4943658411502838,-0.0027107996866106987
1774571869.1742668,0.4943658411502838,-0.0027107996866106987
1774571869.2071278,0.4943658411502838,-0.0027107996866106987
1774571869.2360218,0.4943658411502838,-0.0027107996866106987
1774571869.2699034,0.24568484723567963,0.22228628396987915
1774571869.3155847,0.24568484723567963,0.22228628396987915
1774571869.3539174,0.24568484723567963,0.22228628396987915
1774571869.3754437,0.4943658411502838,-0.0027107996866106987
1774571869.4060059,0.4943658411502838,-0.0027107996866106987
1774571869.43731,0.4943658411502838,-0.0027107996866106987
1774571869.471293,0.4943658411502838,-0.0027107996866106987
1774571869.506256,0.24568484723567963,0.22228628396987915
1774571869.5406682,0.24568484723567963,0.22228628396987915
1774571869.572832,0.24568484723567963,0.22228628396987915
1774571869.6060805,0.24568484723567963,0.22228628396987915
1774571869.6402614,0.24568484723567963,0.22228628396987915
1774571869.6748571,0.24568484723567963,0.22228628396987915
1774571869.7079196,0.24568484723567963,0.22228628396987915
1774571869.7429004,0.24568484723567963,0.22228628396987915
1774571869.7755692,0.24568484723567963,0.22228628396987915
1774571869.808693,-0.002996147144585848,0.4472833573818207
1774571869.8435547,-0.002996147144585848,0.4472833573818207
1774571869.8769777,-0.002996147144585848,0.4472833573818207
1774571869.911754,0.24568484723567963,0.22228628396987915
1774571869.9450083,0.24568484723567963,0.22228628396987915
1774571869.9779093,0.24568484723567963,0.22228628396987915
1774571870.0121028,0.24568484723567963,0.22228628396987915
1774571870.0461102,0.24568484723567963,0.22228628396987915
1774571870.0797625,0.24568484723567963,0.22228628396987915
1774571870.1139345,0.24568484723567963,0.22228628396987915
1774571870.1479259,0.24568484723567963,0.22228628396987915
1774571870.1811662,0.24568484723567963,0.22228628396987915
1774571870.2151845,0.4943658411502838,-0.0027107996866106987
1774571870.248312,0.4943658411502838,-0.0027107996866106987
1774571870.3189733,0.24568484723567963,0.22228628396987915
1774571870.3542922,0.24568484723567963,0.22228628396987915
1774571870.3885524,0.24568484723567963,0.22228628396987915
1774571870.4219298,0.24568484723567963,0.22228628396987915
1774571870.4550655,0.24568484723567963,0.22228628396987915
1774571870.488336,0.24568484723567963,0.22228628396987915
1774571870.5216997,0.24568484723567963,0.22228628396987915
1774571870.5553775,0.24568484723567963,0.22228628396987915
1774571870.591882,0.24568484723567963,0.22228628396987915
1774571870.623788,0.24568484723567963,0.22228628396987915
1774571870.6598704,0.24568484723567963,0.22228628396987915
1774571870.6929944,0.24568484723567963,0.22228628396987915
1774571870.725547,0.24568484723567963,0.22228628396987915
1774571870.7598565,0.24568484723567963,0.22228628396987915
1774571870.7933903,0.24568484723567963,0.22228628396987915
1774571870.8272853,0.24568484723567963,0.22228628396987915
1774571870.8623242,0.24568484723567963,0.22228628396987915
1774571870.8936448,0.24568484723567963,0.22228628396987915
1774571870.9275963,0.24568484723567963,0.22228628396987915
1774571870.9617712,0.24568484723567963,0.22228628396987915
1774571870.995275,0.24568484723567963,0.22228628396987915
1774571871.028964,0.24568484723567963,0.22228628396987915
1774571871.0631485,0.24568484723567963,0.22228628396987915
1774571871.0965328,0.24568484723567963,0.22228628396987915
1774571871.1304896,0.24568484723567963,0.22228628396987915
1774571871.1674652,0.24568484723567963,0.22228628396987915
1774571871.1999664,0.24568484723567963,0.22228628396987915
1774571871.238349,0.24568484723567963,0.22228628396987915
1774571871.269996,0.24568484723567963,0.22228628396987915
1774571871.3064888,0.24568484723567963,0.22228628396987915
1774571871.3374321,0.24568484723567963,0.22228628396987915
1774571871.3702953,0.24568484723567963,0.22228628396987915
1774571871.4025323,0.24568484723567963,0.22228628396987915
1774571871.435883,0.24568484723567963,0.22228628396987915
1774571871.4729383,0.24568484723567963,0.22228628396987915
1774571871.5058208,0.24568484723567963,0.22228628396987915
1774571871.5368583,0.24568484723567963,0.22228628396987915
1774571871.5698712,0.24568484723567963,0.22228628396987915
1774571871.6037261,0.24568484723567963,0.22228628396987915
1774571871.6375637,0.24568484723567963,0.22228628396987915
1774571871.670946,0.24568484723567963,0.22228628396987915
1774571871.7080328,0.24568484723567963,0.22228628396987915
1774571871.7398467,0.24568484723567963,0.22228628396987915
1774571871.7734625,0.24568484723567963,0.22228628396987915
1774571871.8076253,0.24568484723567963,0.22228628396987915
1774571871.9210317,-0.002996147144585848,0.4472833573818207
1774571871.9437585,-0.002996147144585848,0.4472833573818207
1774571871.976868,0.24568484723567963,0.22228628396987915
1774571872.010011,0.24568484723567963,0.22228628396987915
1774571872.0435603,0.24568484723567963,0.22228628396987915
1774571872.0802686,0.24568484723567963,0.22228628396987915
1774571872.1154468,0.24568484723567963,0.22228628396987915
1774571872.1443424,0.24568484723567963,0.22228628396987915
1774571872.1785207,0.24568484723567963,0.22228628396987915
1774571872.2122462,0.24568484723567963,0.22228628396987915
1774571872.246288,0.24568484723567963,0.22228628396987915
1774571872.2798629,0.24568484723567963,0.22228628396987915
1774571872.3142412,0.24568484723567963,0.22228628396987915
1774571872.348534,0.24568484723567963,0.22228628396987915
1774571872.3817961,0.24568484723567963,0.22228628396987915
1774571872.416701,-0.002996147144585848,0.4472833573818207
1774571872.4491959,-0.002996147144585848,0.4472833573818207
1774571872.4846792,-0.002996147144585848,0.4472833573818207
1774571872.5174289,-0.002996147144585848,0.4472833573818207
1774571872.5508444,0.24568484723567963,0.22228628396987915
1774571872.5860035,0.24568484723567963,0.22228628396987915
1774571872.6193862,0.24568484723567963,0.22228628396987915
1774571872.6531506,-0.002996147144585848,0.4472833573818207
1774571872.6866739,-0.002996147144585848,0.4472833573818207
1774571872.7217255,0.24568484723567963,0.22228628396987915
1774571872.7556696,0.24568484723567963,0.22228628396987915
1774571872.7878752,0.24568484723567963,0.22228628396987915
1774571872.8221388,0.24568484723567963,0.22228628396987915
1774571872.8564038,0.24568484723567963,0.22228628396987915
1774571872.8909247,0.24568484723567963,0.22228628396987915
1774571872.9241388,0.24568484723567963,0.22228628396987915
1774571872.95823,0.24568484723567963,0.22228628396987915
1774571872.9924562,0.24568484723567963,0.22228628396987915
1774571873.0274086,0.24568484723567963,0.22228628396987915
1774571873.0601342,0.24568484723567963,0.22228628396987915
1774571873.0948036,0.24568484723567963,0.22228628396987915
1774571873.1278658,0.24568484723567963,0.22228628396987915
1774571873.1599734,0.24568484723567963,0.22228628396987915
1774571873.195969,0.24568484723567963,0.22228628396987915
1774571873.2296524,0.24568484723567963,0.22228628396987915
1774571873.2638838,0.24568484723567963,0.22228628396987915
1774571873.2964196,0.24568484723567963,0.22228628396987915
1774571873.3299356,0.24568484723567963,0.22228628396987915
1774571873.3636553,0.24568484723567963,0.22228628396987915
1774571873.396806,0.24568484723567963,0.22228628396987915
1774571873.435147,-0.002996147144585848,0.4472833573818207
1774571873.4660225,-0.002996147144585848,0.4472833573818207
1774571873.4993608,0.24568484723567963,0.22228628396987915
1774571873.539174,0.24568484723567963,0.22228628396987915
1774571873.569783,0.24568484723567963,0.22228628396987915
1774571873.6029887,0.24568484723567963,0.22228628396987915
1774571873.6384597,0.24568484723567963,0.22228628396987915
1774571873.670552,0.24568484723567963,0.22228628396987915
1774571873.7031686,0.24568484723567963,0.22228628396987915
1774571873.7364383,0.24568484723567963,0.22228628396987915
1774571873.7703238,0.24568484723567963,0.22228628396987915
1774571873.803798,0.24568484723567963,0.22228628396987915
1774571873.8387277,0.24568484723567963,0.22228628396987915
1774571873.8694236,-0.002996147144585848,0.4472833573818207
1774571873.9037347,-0.002996147144585848,0.4472833573818207
1774571873.938983,-0.002996147144585848,0.4472833573818207
1774571873.9720805,-0.002996147144585848,0.4472833573818207
1774571874.0062618,-0.002996147144585848,0.4472833573818207
1774571874.0391533,-0.002996147144585848,0.4472833573818207
1774571874.0737917,0.24568484723567963,0.22228628396987915
1774571874.1068032,0.24568484723567963,0.22228628396987915
1774571874.1432517,0.24568484723567963,0.22228628396987915
1774571874.174307,0.24568484723567963,0.22228628396987915
1774571874.2085733,0.24568484723567963,0.22228628396987915
1774571874.2424028,0.24568484723567963,0.22228628396987915
1774571874.2776313,0.24568484723567963,0.22228628396987915
1774571874.3111212,0.24568484723567963,0.22228628396987915
1774571874.3449829,-0.002996147144585848,0.4472833573818207
1774571874.378313,-0.002996147144585848,0.4472833573818207
1774571874.4117806,-0.002996147144585848,0.4472833573818207
1774571874.445406,-0.002996147144585848,0.4472833573818207
1774571874.479337,0.24568484723567963,0.22228628396987915
1774571874.513215,0.24568484723567963,0.22228628396987915
1774571874.5491319,0.24568484723567963,0.22228628396987915
1774571874.5821443,0.24568484723567963,0.22228628396987915
1774571874.6149654,0.24568484723567963,0.22228628396987915
1774571874.6485672,0.24568484723567963,0.22228628396987915
1774571874.6822324,0.24568484723567963,0.22228628396987915
1774571874.7158935,-0.002996147144585848,0.4472833573818207
1774571874.7494617,-0.002996147144585848,0.4472833573818207
1774571874.7831898,-0.002996147144585848,0.4472833573818207
1774571874.8171554,-0.002996147144585848,0.4472833573818207
1774571874.8508673,0.24568484723567963,0.22228628396987915
1774571874.8836498,0.24568484723567963,0.22228628396987915
1774571874.9182606,0.24568484723567963,0.22228628396987915
1774571874.9516666,0.24568484723567963,0.22228628396987915
1774571874.98578,0.24568484723567963,0.22228628396987915
1774571875.018844,-0.002996147144585848,0.4472833573818207
1774571875.0536807,-0.002996147144585848,0.4472833573818207
1774571875.0866387,0.24568484723567963,0.22228628396987915
1774571875.1211915,0.24568484723567963,0.22228628396987915
1774571875.1545546,0.24568484723567963,0.22228628396987915
1774571875.1884336,0.24568484723567963,0.22228628396987915
1774571875.2226667,0.24568484723567963,0.22228628396987915
1774571875.2560194,0.24568484723567963,0.22228628396987915
1774571875.2909791,-0.002996147144585848,0.4472833573818207
1774571875.3245394,-0.002996147144585848,0.4472833573818207
1774571875.3580163,-0.002996147144585848,0.4472833573818207
1774571875.3920743,-0.002996147144585848,0.4472833573818207
1774571875.4251213,-0.002996147144585848,0.4472833573818207
1774571875.4593377,0.24568484723567963,0.22228628396987915
1774571875.4933386,0.24568484723567963,0.22228628396987915
1774571875.5270221,0.24568484723567963,0.22228628396987915
1774571875.5596824,0.24568484723567963,0.22228628396987915
1774571875.5937164,0.24568484723567963,0.22228628396987915
1774571875.6275458,0.24568484723567963,0.22228628396987915
1774571875.661493,0.24568484723567963,0.22228628396987915
1774571875.6966183,0.24568484723567963,0.22228628396987915
1774571875.7294679,0.24568484723567963,0.22228628396987915
1774571875.762295,0.24568484723567963,0.22228628396987915
1774571875.7958152,0.24568484723567963,0.22228628396987915
1774571875.8298128,0.24568484723567963,0.22228628396987915
1774571875.865425,0.24568484723567963,0.22228628396987915
1774571875.8993535,0.24568484723567963,0.22228628396987915
1774571875.9357238,0.24568484723567963,0.22228628396987915
1774571875.9720726,0.24568484723567963,0.22228628396987915
1774571876.0065522,0.24568484723567963,0.22228628396987915
1774571876.0391254,0.24568484723567963,0.22228628396987915
1774571876.0708735,0.24568484723567963,0.22228628396987915
1774571876.1032968,-0.002996147144585848,0.4472833573818207
1774571876.1368496,-0.002996147144585848,0.4472833573818207
1774571876.1699114,0.24568484723567963,0.22228628396987915
1774571876.2024128,0.24568484723567963,0.22228628396987915
1774571876.2377965,0.24568484723567963,0.22228628396987915
1774571876.2715123,0.24568484723567963,0.22228628396987915
1774571876.3035233,0.24568484723567963,0.22228628396987915
1774571876.3374217,0.24568484723567963,0.22228628396987915
1774571876.3709447,0.24568484723567963,0.22228628396987915
1774571876.4044743,0.24568484723567963,0.22228628396987915
1774571876.439832,0.24568484723567963,0.22228628396987915
1774571876.4716358,0.24568484723567963,0.22228628396987915
1774571876.5070527,0.24568484723567963,0.22228628396987915
1774571876.5410485,0.24568484723567963,0.22228628396987915
1774571876.5738428,0.24568484723567963,0.22228628396987915
1774571876.6084187,0.24568484723567963,0.22228628396987915
1774571876.6423683,-0.002996147144585848,0.4472833573818207
1774571876.6763234,-0.002996147144585848,0.4472833573818207
1774571876.711965,0.24568484723567963,0.22228628396987915
1774571876.7435284,0.24568484723567963,0.22228628396987915
1774571876.7758183,0.24568484723567963,0.22228628396987915
1774571876.8106842,0.24568484723567963,0.22228628396987915
1774571876.8445566,0.24568484723567963,0.22228628396987915
1774571876.8790302,0.24568484723567963,0.22228628396987915
1774571876.913483,0.24568484723567963,0.22228628396987915
1774571876.9455092,0.24568484723567963,0.22228628396987915
1774571876.9796867,0.24568484723567963,0.22228628396987915
1774571877.0143325,0.24568484723567963,0.22228628396987915
1774571877.0476217,0.24568484723567963,0.22228628396987915
1774571877.081651,0.24568484723567963,0.22228628396987915
1774571877.1144407,0.24568484723567963,0.22228628396987915
1774571877.1486158,0.24568484723567963,0.22228628396987915
1774571877.183106,0.24568484723567963,0.22228628396987915
1774571877.2167137,0.24568484723567963,0.22228628396987915
1774571877.2498217,0.24568484723567963,0.22228628396987915
1774571877.2842386,0.24568484723567963,0.22228628396987915
1774571877.3189325,0.24568484723567963,0.22228628396987915
1774571877.3522565,0.24568484723567963,0.22228628396987915
1774571877.3851786,0.24568484723567963,0.22228628396987915
1774571877.4186568,0.24568484723567963,0.22228628396987915
1774571877.4526207,0.24568484723567963,0.22228628396987915
1774571877.4870222,0.24568484723567963,0.22228628396987915
1774571877.5196824,0.24568484723567963,0.22228628396987915
1774571877.5545955,0.24568484723567963,0.22228628396987915
1774571877.5873177,0.24568484723567963,0.22228628396987915
1774571877.6219597,0.24568484723567963,0.22228628396987915
1774571877.6560702,0.24568484723567963,0.22228628396987915
1774571877.6889231,0.24568484723567963,0.22228628396987915
1774571877.7237694,0.24568484723567963,0.22228628396987915
1774571877.75852,0.24568484723567963,0.22228628396987915
1774571877.7910883,0.24568484723567963,0.22228628396987915
1774571877.825394,0.24568484723567963,0.22228628396987915
1774571877.8580732,0.24568484723567963,0.22228628396987915
1774571877.89201,0.24568484723567963,0.22228628396987915
1774571877.9263227,0.24568484723567963,0.22228628396987915
1774571877.9599323,0.24568484723567963,0.22228628396987915
1774571877.994068,0.24568484723567963,0.22228628396987915
1774571878.0284178,0.24568484723567963,0.22228628396987915
1774571878.0607755,0.24568484723567963,0.22228628396987915
1774571878.0942726,0.24568484723567963,0.22228628396987915
1774571878.1295862,0.24568484723567963,0.22228628396987915
1774571878.1627824,0.24568484723567963,0.22228628396987915
1774571878.199113,0.24568484723567963,0.22228628396987915
1774571878.2323442,0.24568484723567963,0.22228628396987915
1774571878.2689188,0.24568484723567963,0.22228628396987915
1774571878.3020623,0.24568484723567963,0.22228628396987915
1774571878.3355246,0.24568484723567963,0.22228628396987915
1774571878.368663,0.24568484723567963,0.22228628396987915
1774571878.4053798,0.24568484723567963,0.22228628396987915
1774571878.4365153,0.24568484723567963,0.22228628396987915
1774571878.4699707,0.24568484723567963,0.22228628396987915
1774571878.5163305,0.24568484723567963,0.22228628396987915
1774571878.5370119,0.24568484723567963,0.22228628396987915
1774571878.5715644,0.24568484723567963,0.22228628396987915
1774571878.603862,0.24568484723567963,0.22228628396987915
1774571878.6354299,0.24568484723567963,0.22228628396987915
1774571878.6697042,0.24568484723567963,0.22228628396987915
1774571878.7031457,0.24568484723567963,0.22228628396987915
1774571878.736187,0.24568484723567963,0.22228628396987915
1774571878.7722402,0.24568484723567963,0.22228628396987915
1774571878.805707,0.24568484723567963,0.22228628396987915
1774571878.8392158,0.24568484723567963,0.22228628396987915
1774571878.8716726,0.24568484723567963,0.22228628396987915
1774571878.9063678,0.24568484723567963,0.22228628396987915
1774571878.9401078,0.24568484723567963,0.22228628396987915
1774571878.973259,0.24568484723567963,0.22228628396987915
1774571879.0069952,0.24568484723567963,0.22228628396987915
1774571879.0418396,0.24568484723567963,0.22228628396987915
1774571879.0756464,0.24568484723567963,0.22228628396987915
1774571879.109308,0.24568484723567963,0.22228628396987915
1774571879.14282,0.24568484723567963,0.22228628396987915
1774571879.1767385,0.24568484723567963,0.22228628396987915
1774571879.2334611,0.24568484723567963,0.22228628396987915
1774571879.2484162,0.24568484723567963,0.22228628396987915
1774571879.2789402,0.24568484723567963,0.22228628396987915
1774571879.312062,0.24568484723567963,0.22228628396987915
1774571879.346206,0.24568484723567963,0.22228628396987915
1774571879.3796744,0.24568484723567963,0.22228628396987915
1774571879.4128623,0.24568484723567963,0.22228628396987915
1774571879.4476466,0.24568484723567963,0.22228628396987915
1774571879.4809406,0.24568484723567963,0.22228628396987915
1774571879.5148592,0.24568484723567963,0.22228628396987915
1774571879.5479195,0.24568484723567963,0.22228628396987915
1774571879.5822644,0.24568484723567963,0.22228628396987915
1774571879.6163929,0.24568484723567963,0.22228628396987915
1774571879.6501188,0.24568484723567963,0.22228628396987915
1774571879.6828868,0.24568484723567963,0.22228628396987915
1774571879.7166007,0.24568484723567963,0.22228628396987915
1774571879.7505193,0.24568484723567963,0.22228628396987915
1774571879.7944267,0.24568484723567963,0.22228628396987915
1774571879.8179479,0.24568484723567963,0.22228628396987915
1774571879.8528192,0.24568484723567963,0.22228628396987915
1774571879.8860805,0.24568484723567963,0.22228628396987915
1774571879.91956,0.24568484723567963,0.22228628396987915
1774571879.9530232,0.24568484723567963,0.22228628396987915
1774571879.9880552,0.24568484723567963,0.22228628396987915
1774571880.0204237,0.24568484723567963,0.22228628396987915
1774571880.0555456,0.24568484723567963,0.22228628396987915
1774571880.0911927,0.24568484723567963,0.22228628396987915
1774571880.1238854,0.24568484723567963,0.22228628396987915
1774571880.158377,0.24568484723567963,0.22228628396987915
1774571880.1920462,0.24568484723567963,0.22228628396987915
1774571880.2257776,0.24568484723567963,0.22228628396987915
1774571880.2590957,0.24568484723567963,0.22228628396987915
1774571880.437183,0.24568484723567963,0.22228628396987915
1774571880.4696836,0.24568484723567963,0.22228628396987915
1774571880.5030556,0.24568484723567963,0.22228628396987915
1774571880.538072,0.24568484723567963,0.22228628396987915
1774571880.5713775,0.24568484723567963,0.22228628396987915
1774571880.6048207,0.24568484723567963,0.22228628396987915
1774571880.6384914,0.24568484723567963,0.22228628396987915
1774571880.672698,0.24568484723567963,0.22228628396987915
1774571880.707562,0.24568484723567963,0.22228628396987915
1774571880.7414489,0.24568484723567963,0.22228628396987915
1774571880.7734792,0.24568484723567963,0.22228628396987915
1774571880.808065,0.24568484723567963,0.22228628396987915
1774571880.8420932,0.24568484723567963,0.22228628396987915
1774571880.8756669,0.24568484723567963,0.22228628396987915
1774571880.908787,0.24568484723567963,0.22228628396987915
1774571880.9435737,0.24568484723567963,0.22228628396987915
1774571880.977379,0.24568484723567963,0.22228628396987915
1774571881.0104795,0.24568484723567963,0.22228628396987915
1774571881.0442898,0.24568484723567963,0.22228628396987915
1774571881.079077,0.24568484723567963,0.22228628396987915
1774571881.1122456,0.24568484723567963,0.22228628396987915
1774571881.1460247,0.24568484723567963,0.22228628396987915
1774571881.180354,0.24568484723567963,0.22228628396987915
1774571881.2134397,0.24568484723567963,0.22228628396987915
1774571881.2480254,0.24568484723567963,0.22228628396987915
1774571881.2809138,0.24568484723567963,0.22228628396987915
1774571881.3141499,0.24568484723567963,0.22228628396987915
1774571881.3489025,0.24568484723567963,0.22228628396987915
1774571881.3819654,0.24568484723567963,0.22228628396987915
1774571881.4163659,0.24568484723567963,0.22228628396987915
1774571881.45018,0.24568484723567963,0.22228628396987915
1774571881.4846797,0.24568484723567963,0.22228628396987915
1774571881.5178845,0.24568484723567963,0.22228628396987915
1774571881.5516074,0.24568484723567963,0.22228628396987915
1774571881.5849228,0.24568484723567963,0.22228628396987915
1774571881.619044,0.24568484723567963,0.22228628396987915
1774571881.6524425,0.24568484723567963,0.22228628396987915
1774571881.686431,0.24568484723567963,0.22228628396987915
1774571881.7204843,0.24568484723567963,0.22228628396987915
1774571881.7539535,0.24568484723567963,0.22228628396987915
1774571881.7882175,0.24568484723567963,0.22228628396987915
1774571881.823137,0.24568484723567963,0.22228628396987915
1774571881.8562229,0.24568484723567963,0.22228628396987915
1774571881.8901587,0.24568484723567963,0.22228628396987915
1774571881.9239943,0.24568484723567963,0.22228628396987915
1774571881.9573393,0.24568484723567963,0.22228628396987915
1774571881.9916065,0.24568484723567963,0.22228628396987915
1774571882.027109,0.24568484723567963,0.22228628396987915
1774571882.0590003,0.24568484723567963,0.22228628396987915
1774571882.0925524,0.24568484723567963,0.22228628396987915
1774571882.1261756,0.24568484723567963,0.22228628396987915
1774571882.1605525,0.24568484723567963,0.22228628396987915
1774571882.1936998,0.24568484723567963,0.22228628396987915
1774571882.2281022,0.0,0.0
1774571882.2618713,0.0,0.0
1774571882.3767624,0.0,0.0
1774571882.3990088,0.0,0.0
1774571882.438195,0.0,0.0
1774571882.4695396,0.0,0.0
1774571882.509012,0.0,0.0
1774571882.5383518,0.0,0.0
1774571882.5711558,0.0,0.0
1774571882.6058912,0.0,0.0
1774571882.636536,0.0,0.0
1774571882.6699772,0.0,0.0
1774571882.7025042,0.0,0.0
1774571882.7366214,0.0,0.0
1774571882.7725575,0.0,0.0
1774571882.8030877,0.0,0.0
1774571882.8376753,0.0,0.0
1774571882.8713439,0.0,0.0
1774571882.90291,0.0,0.0
1774571882.9363415,0.0,0.0
1774571882.971615,0.0,0.0
1774571883.006099,0.0,0.0
1774571883.0381944,0.0,0.0
1774571883.0717642,0.0,0.0
1774571883.1038015,0.0,0.0
1774571883.1384637,0.0,0.0
1774571883.170394,0.0,0.0
1774571883.2047124,0.0,0.0
1774571883.2382984,0.0,0.0
1774571883.2719486,0.0,0.0
1774571883.3064117,0.0,0.0
1774571883.340267,0.0,0.0
1774571883.372881,0.0,0.0
1774571883.407412,0.0,0.0
